<keymap version="1" name="vim" parent="Mac OS X 10.5+">
  <action id="$Copy">
    <keyboard-shortcut first-keystroke="ctrl c" />
  </action>
  <action id="$Paste">
    <keyboard-shortcut first-keystroke="ctrl v" />
  </action>
  <action id="Back">
    <keyboard-shortcut first-keystroke="ctrl open_bracket" />
  </action>
  <action id="CloseEditor">
    <keyboard-shortcut first-keystroke="back_slash" second-keystroke="d" />
  </action>
  <action id="CollapseRegion">
    <keyboard-shortcut first-keystroke="back_slash" second-keystroke="c" />
  </action>
  <action id="CommentByLineComment">
    <keyboard-shortcut first-keystroke="ctrl slash" />
  </action>
  <action id="Debug" />
  <action id="Editor Copy">
    <keyboard-shortcut first-keystroke="ctrl c" />
  </action>
  <action id="Editor Paste">
    <keyboard-shortcut first-keystroke="ctrl v" />
  </action>
  <action id="EditorCutLineEnd" />
  <action id="EditorRight">
    <keyboard-shortcut first-keystroke="right" />
  </action>
  <action id="ExpandRegion">
    <keyboard-shortcut first-keystroke="back_slash" second-keystroke="e" />
  </action>
  <action id="Find">
    <keyboard-shortcut first-keystroke="ctrl f" />
  </action>
  <action id="FindInPath">
    <keyboard-shortcut first-keystroke="back_slash" second-keystroke="t" />
  </action>
  <action id="Forward">
    <keyboard-shortcut first-keystroke="ctrl close_bracket" />
  </action>
  <action id="GotoDeclaration">
    <keyboard-shortcut first-keystroke="ctrl d" />
  </action>
  <action id="GotoFile">
    <keyboard-shortcut first-keystroke="back_slash" second-keystroke="f" />
  </action>
  <action id="NextTab">
    <keyboard-shortcut first-keystroke="ctrl k" />
  </action>
  <action id="PreviousTab">
    <keyboard-shortcut first-keystroke="ctrl j" />
  </action>
  <action id="QuickJavaDoc">
    <keyboard-shortcut first-keystroke="f1" />
    <mouse-shortcut keystroke="control button2" />
  </action>
  <action id="SearchEverywhere">
    <keyboard-shortcut first-keystroke="back_slash" second-keystroke="s" />
  </action>
  <action id="SwitchApply">
    <keyboard-shortcut first-keystroke="ctrl alt enter" />
  </action>
  <action id="SwitchDown">
    <keyboard-shortcut first-keystroke="ctrl alt down" />
  </action>
  <action id="SwitchLeft">
    <keyboard-shortcut first-keystroke="ctrl alt left" />
  </action>
  <action id="SwitchRight">
    <keyboard-shortcut first-keystroke="ctrl alt right" />
  </action>
  <action id="SwitchUp">
    <keyboard-shortcut first-keystroke="ctrl alt up" />
  </action>
  <action id="TodoViewGroupByFlattenPackage" />
  <action id="TypeHierarchy" />
  <action id="Vcs.QuickListPopupAction" />
</keymap>